<?xml version="1.0"?>
<doc>
<h2>Building your first app with Eclipse</h2>

<p>This section describes how to build a Couchbase Lite app by using Eclipse.</p>

<h3>Setting up the Eclipse development environment</h3>

<p>Before you can build an app, you need to set up your development environment. To get set up with Eclipse, you can use one of the following methods:</p>

<ul>
<li><p><em>(Recommended method)</em>. Download and install the <a href="http://developer.android.com/sdk/index.html">Android Developer Tools (ADT) Bundle</a>, which includes the essential Android SDK components and a version of the Eclipse IDE with built-in ADT. This tutorial was developed with the ADT Bundle.</p></li>
<li><p>If you already have Eclipse installed and prefer to use that version, you can install the Android SDK by following the instructions for using an existing IDE found on the <a href="http://developer.android.com/sdk/index.html">ADT Bundle page</a>.</p></li>
</ul>
<h3>Creating an Android app with Eclipse</h3>

<p>This section shows how to create a simple Hello World app for an Android device with Couchbase Lite.</p>

<h4>Step 1: Create a new project</h4>

<ol>
<li><p>Launch Eclipse.</p></li>
<li><p>Choose <strong>File &gt; Android Application Project</strong>.</p></li>
<li>
<p>In the New Project window, enter the application name, module name, package name, and project location.</p>

<p>This example uses <code>HelloWorldEclipse</code> for the application name.</p>
</li>
<li>
<p>Set the minimum required SDK to <strong>API 9: Android 2.3 (Gingerbread)</strong> or later and use the currently recommended Android API.</p>

<p>After you fill in the fields, the New Project window should look something like this:</p>

<p><img src="images/new-project-eclipse.png" width="100%"/>
</p>
<li><p>Click <strong>Next</strong>, and then move through the remaining setup screens and enter settings as necessary (or just accept the defaults).</p></li>
<li><p>Click <strong>Finish</strong>.</p></li>
</li>
<h4>Step 2: Add Couchbase Lite</h4>

<ol>
<li><p>Download the latest version of Couchbase Lite from <a href="http://www.couchbase.com/download#cb-mobile">http://www.couchbase.com/download#cb-mobile</a>.</p></li>
<li><p>Decompress the zip file.</p></li>
<li><p>Copy all the files into the <strong>libs</strong> folder in the HelloWorldEclipse project.</p></li>
<li><p>Download <a href="http://cl.ly/Pr1r/td_collator_so.jar">http://cl.ly/Pr1r/td_collator_so.jar</a>.</p></li>
<li><p>Rename the downloaded <strong>td<em>collator</em>so.jar</strong> file to <strong>td<em>collator</em>so.zip</strong>.</p></li>
<li>
<p>Decompress the <strong>td<em>collator</em>so.zip</strong> file.</p>

<p>The zip file decompresses into a <strong>lib</strong> directory that contains several folders:
<img src="images/td-collator-files.png" width="100%"/>
</p>
<li>
<p>Copy all of the files into the <strong>libs</strong> folder in the HellowWorldEclipse project.</p>

<p>After the Couchbase Lite and td<em>collator</em>so files are copied into the libs directory, it should look similar to the following figure:
<img src="images/project-files.png" width="50%"/>
</p>
<li>
<p>Click <strong>Run</strong> and verify the app runs properly.</p>

<p>When requested, start the emulator. You should see the app start in the emulator and the text "Hello World" in the app window, similar to the following figure:</p>

<p><img src="images/hello-world-emulator-eclipse.png" width="40%"/>

<p>Running the empty app at this point verifies whether the dependencies are set up correctly. The app won't run properly if you have Android Studio running simultaneously with the ADT bundle Eclipse. </p>
</p>
</li>
<h4>Step 3: Add the HelloWorld code</h4>

<ol>
<li>Open the <strong>MainActivity.java</strong> file.</li>
<li>
<p>Add the following lines of code to the imports section at the top of the file:</p>

<pre><code>import com.couchbase.lite.*;
import com.couchbase.lite.util.Log;

import java.io.IOException;
import java.text.SimpleDateFormat;
import java.util.Calendar;
import java.util.GregorianCalendar;
import java.util.HashMap;
import java.util.Map;
</code></pre>
</li>
<li>
<p>Add the following code at the end of the <code>onCreate</code> method in the <strong>MainActivity.java</strong> file, which is located in the <strong>/HelloWorld/HelloWorld/src/main/java/com/couchbase/helloworld</strong> directory.</p>

<pre><code class="java">final String TAG = "HelloWorld";
Log.d(TAG, "Begin Hello World App");

// create a manager
Manager manager = null;
try {
    manager = new Manager(getApplicationContext().getFilesDir(), Manager.DEFAULT_OPTIONS);
} catch (IOException e) {
    Log.e(TAG, "Cannot create manager object");
    return;
}

// create a name for the database and make sure the name is legal
String dbname = "hello";
if (!Manager.isValidDatabaseName(dbname)) {
    Log.e(TAG, "Bad database name");
    return;
}

// create a new database
Database database = null;
try {
    database = manager.getDatabase(dbname);
} catch (CouchbaseLiteException e) {
    Log.e(TAG, "Cannot get database");
    return;
}

// get the current date and time
SimpleDateFormat dateFormatter = new SimpleDateFormat("yyyy-MM-dd'T'HH:mm:ss.SSS'Z'");
Calendar calendar = GregorianCalendar.getInstance();
String currentTimeString = dateFormatter.format(calendar.getTime());

// create an object that contains data for a document
MapString, Object docContent = new HashMapString, Object();
docContent.put("message", "Hello Couchbase Lite");
docContent.put("creationDate", currentTimeString);

// display the data for the new document
Log.d(TAG, "docContent=" + String.valueOf(docContent));

// create an empty document
Document document = database.createDocument();

// write the document to the database
try {
    document.putProperties(docContent);
} catch (CouchbaseLiteException e) {
    Log.e(TAG, "Cannot write document to database", e);
}

// save the ID of the new document
String docID = document.getId();

// retrieve the document from the database
Document retrievedDocument = database.getDocument(docID);

// display the retrieved document
Log.d(TAG, "retrievedDocument=" + String.valueOf(retrievedDocument.getProperties()));

Log.d(TAG, "End Hello World App");
</code></pre>
</li>
</ol>
<p>The code you just added creates a new database, and then creates a document, stores the document in the database, and retrieves the document. This section contains additional notes that supplement the comments in the code.</p>

<p>It creates a shared <code>Manager</code> object that manages a collection of databases. The Manager object can be used only in a single thread.</p>

<p>After it creates a name for the new database, it validates the name. A database name can consist of only lowercase alphabetic characters (a-z), digits (0-9) and a few special characters (_$()+-/), so it's important to validate the name.</p>

<p>To create the database, it calls <code>getDatabase()</code>, which is a method in the <code>Manager</code> class that returns a <code>Database</code> object. If the database does not already exist, <code>getDatabase()</code> creates it.</p>

<p><code>Map</code> objects provide JSON-compatible representations of data that are suitable for creating documents that you can store in the database. The document created by the code is a <code>HashMapString, Object</code> object named <code>docContent</code> that contains only two keys, <code>message</code> and <code>creationDate</code>. <code>message</code> contains the string "Hello Couchbase Lite!", and <code>creationDate</code> contains the time and date the document was created. The document content is written out to the log to show its content.</p>

<p>An empty <code>Document</code> object named <code>document</code> is created. The document content is added to the empty document and it is saved to the database by using the  <code>Document</code> class <code>putProperties()</code> method. If the document cannot be written to the database, an exception is thrown.</p>

<p>When the document is saved to the database, Couchbase Lite generates a document identifier property named <code>_id</code> and a revision identifier property named <code>_rev</code>, and adds them to the document. The generated <code>_id</code> for the new document is available via the <code>getId()</code> method of the <code>Document</code> class.</p>

<p>The saved document is retrieved from the database by using the <code>Database</code> class <code>getDocument()</code> method. The retrieved document is written out to the log to show its content, which now includes the <code>_id</code> and <code>_rev</code> properties created by Couchbase Lite.</p>

<h4>Step 4: Build and run HelloWorld</h4>

<ol>
<li><p>Click <strong>Run</strong>.</p></li>
<li>
<p>View the Hello World app messages in the <a href="http://developer.android.com/tools/help/logcat.html">logcat</a>.</p>

<p>If you filter the logcat output on the string <code>tag:/HelloWorld</code>, you can see just the messages from Hello World:</p>

<p><img src="images/hello-logcat-eclipse.png" width="100%"/>
</p>
</li>
</ol></li></li></ol></ol></doc>
