<?xml version="1.0"?>
<doc>
<h2>HelloCBL</h2>

<p>The HelloCBL tutorial presents detailed steps for creating a Couchbase Lite app from scratch. The tutorial demonstrates:</p>

<ul>
<li>Adding Couchbase Lite dependencies to an app.</li>
<li>Creating a database.</li>
<li>Creating a document.</li>
<li>Saving a document in the database.</li>
<li>Retrieving a document from the database.</li>
</ul>
<p>To make the first example in the tutorial easier to understand, the program structure is simplified. Only one new method, <code>sayHello</code>, is created and all the Couchbase Lite APIs used in the example are placed within that method. The <code>sayHello</code> method is called from the <code>application:didFinishLaunchingWithOptions:</code> method in the application delegate class. All output is sent to the Xcode console, rather than the iPhone screen in the simulator. The example does not use any graphics and does not require setting up a user interface. Rest assured, the other sample iOS apps do not take these shortcuts&#x2014;they incorporate standard iOS software design and development practices.</p>

<p>You can follow along with the tutorial and create  your own HelloCBL, or you can <a href="https://github.com/couchbaselabs/couchbase-lite-tutorial-ios/tree/master/HelloCBL">download HelloCBL</a> from GitHub. </p>

<h3>Step 1: Create a new project</h3>

<ol>
<li>Open Xcode and select <strong>File &gt; New &gt; Project</strong>.</li>
<li>In the new project template sheet, click <strong>Empty Application</strong> and then click <strong>Next</strong>.</li>
<li>
<p>In the new project options sheet, enter values for each field and then click <strong>Next</strong>.</p>

<p>Here are the values used in the sample app:</p>
</li>
</ol>
<pre><code>* **Product Name**&#x2014;HelloCBL
* **Organization Name**&#x2014;Couchbase
* **Company Identifier**&#x2014;com.couchbase
* **Bundle Identifier**&#x2014;com.couchbase.HelloCBL
* **Class Prefix**&#x2014;HC
* **Devices**&#x2014;iPhone
* **Use Core Data**&#x2014;no
</code></pre>

<ol>
<li>Select a location for your new project, and then click <strong>Create</strong>.</li>
</ol>
<h3>Step 2: Add the Couchbase Lite dependencies</h3>

<ol>
<li><p>Download the <a href="http://www.couchbase.com/communities/couchbase-lite">latest release of Couchbase Lite for iOS</a> and move the unzipped Couchbase Lite folder to a permanent location.</p></li>
<li>
<p>Open the Couchbase Lite folder and drag the <strong>CouchbaseLite.framework</strong> folder to the <strong>Frameworks</strong> group in the Xcode project navigator.</p>

<p><img src="images/cbl-framework.png" width="600px"/>
</p>
<li><p>In the <strong>Choose options for adding these files</strong> sheet, make sure that your app target is selected.</p></li>
<li><p>In the navigator, click on the HelloCBL project file to open the project editor for your app, and then click the <strong>Build Settings</strong> tab.</p></li>
<li>
<p>Scroll to the <strong>Linking</strong> section, find the <strong>Other Linker Flags</strong> row, and then add the flag <code>-ObjC</code> (be sure to use the capitalization shown).</p>

<p>The <strong>Other Linker Flags</strong> row should look similar to the following screenshot:<br><img src="images/build-settings.png" width="600px/"/>
</br>
<li><p>Click the <strong>Build Phases</strong> tab.</p></li>
<li>
<p>Expand the <strong>Link Binary With Libraries</strong> section and add the following items:</p>

<ul>
<li><code>CFNetwork.framework</code></li>
<li><code>Security.framework</code></li>
<li><code>SystemConfiguration.framework</code></li>
<li><code>libsqlite3.dylib</code></li>
<li><code>libz.dylib</code></li>
</ul>
<p>Click the <strong>+</strong> at the bottom of the section to add each item.  When you are done, it should look similar to the following screenshot:</p>

<p><img src="images/build-phases.png" width="600px/"/>
</p>
</li>
<h3>Step 3: Add the Hello Couchbase Lite code</h3>

<ol>
<li><p>Open the <strong>HCAppDelegate.m</strong> file.</p></li>
<li>
<p>Add the following code to the #import section:</p>

<pre><code>#import "CouchbaseLite/CouchbaseLite.h"
#import "CouchbaseLite/CBLDocument.h"
</code></pre>

<p>These statements import the Couchbase Lite framework headers needed by the <code>sayHello</code> method.</p>
</li>
<li>
<p>Just before the <code>return</code> statement at the end of the <code>application:didFinishLaunchingWithOptions</code>: method, add the following code:</p>

<pre><code>// Run the method that creates a database, and then stores and retrieves a document
BOOL result = [self sayHello];
NSLog (@"This Hello Couchbase Lite run %@!", (result ? @"was a total success" : @"was a dismal failure"));
</code></pre>

<p>The first line calls the <code>sayHello</code> method, which demonstrates the basic Couchbase Lite iOS APIs. The second line executes after the return from the <code>sayHello</code> method and prints a message on the console that indicates whether the run was successful.</p>
</li>
<li><p>Just before the <code>@end</code> statement at the end of the file, add the following method:</p></li>
</ol>
<pre><code>
// creates a database, and then creates, stores, and retrieves a document
- (BOOL) sayHello {
   
    // holds error error messages from unsuccessful calls
    NSError *error;
    
    // create a shared instance of CBLManager
    CBLManager *manager = [CBLManager sharedInstance];
    if (!manager) {
        NSLog (@"Cannot create shared instance of CBLManager");
        return NO;
    }
    
    // create a name for the database and make sure the name is legal
    NSString *dbname = @"my-new-database";
    if (![CBLManager isValidDatabaseName: dbname]) {
        NSLog (@"Bad database name");
        return NO;
    }
    
    // create a new database
    CBLDatabase *database = [manager databaseNamed: dbname error: error];
    if (!database) {
        NSLog (@"Cannot create database. Error message: %@", error.localizedDescription);
        return NO;
    }
    
    // create an object that contains data for the new document
    NSDictionary *myDictionary =
        [NSDictionary dictionaryWithObjectsAndKeys:
            @"Hello Couchbase Lite!", @"message",
            [[NSDate date] description], @"timestamp",
            nil];
    
    // display the data for the new document
    NSLog (@"This is the data for the document: %@", myDictionary);
    
    // create an empty document
    CBLDocument* doc = [database createDocument];
    
    // write the document to the database
    CBLRevision *newRevision = [doc putProperties: myDictionary error: error];
    if (!newRevision) {
        NSLog (@"Cannot write document to database. Error message: %@", error.localizedDescription);
    }
    
    // save the ID of the new document
    NSString *docID = doc.documentID;
    
    // retrieve the document from the database
    CBLDocument *retrievedDoc = [database documentWithID: docID];
    
    // display the retrieved document
    NSLog(@"The retrieved document contains: %@", retrievedDoc.properties);
    
    return YES;

}
</code></pre>

<p>The <code>sayHello</code> method creates a new database, and then creates a document, stores the document in the database, and retrieves the document. This section contains additional notes that supplement the comments in the code.</p>

<p>The <code>sayHello</code> method creates a shared <code>CBLManager</code> object that manages a collection of databases. The CBLManager object can be used only in a single thread.</p>

<p>After <code>sayHello</code> creates a name for the new database, it validates the name. A database name can consist of only lowercase alphabetic characters (a-z), digits (0-9) and a few special characters (_$()+-/), so it's important to validate the name.</p>

<p>To create the database, it calls <code>createDatabaseNamed:error</code>, which is a method in the <code>CBLManager</code> class that returns a <code>CBLDatabase</code> object. Immediately after the call, it checks to make sure the database was created.</p>

<p><code>NSDictionary</code> objects provide JSON-compatible representations of data that are suitable for creating documents that you can store in the database. The document created by <code>sayHello</code> is an <code>NSDictionary</code> object named <code>myDictionary</code> that contains only two keys, <code>message</code> and <code>timestamp</code>. <code>message</code> contains the string "Hello Couchbase Lite!", and <code>timestamp</code> contains the time and date the document was created. The document content is written out to the console to show its content. </p>

<p>An empty <code>CBLDocument</code> object named <code>doc</code> is created, and then the document is saved to the database by using the  <code>CBLDocument</code> class <code>putProperties:error:</code> method. This method returns a <code>CBLRevision</code> object, which is checked to make sure the document was written successfully. </p>

<p>When the document is saved to the database, Couchbase Lite generates a document identifier property named <code>_id</code> and a revision identifier property named <code>_rev</code>, and adds them to the document.</p>

<p>The saved document is retrieved from the database by using the <code>CBLDatabase</code> class <code>documentWithID:</code> method. The retrieved document is written out to the console to show its content, which now includes the <code>_id</code> and <code>_rev</code> properties created by Couchbase Lite.</p>

<h3>Step 4: Build and run HelloCBL</h3>

<ol>
<li>
<p>Set the active scheme to the iOS simulator for iPhone Retina (4-inch):</p>

<p><img src="images/active-scheme.png" width="600px"/>
</p>
<li>
<p>Click <strong>Run</strong>.</p>

<p>The iOS simulator opens, but you'll just see a white screen. All output from the app is shown in the console.</p>
</li>
<li>
<p>View the console output.</p>

<p>The console output should look similar to the following screenshot. Don't worry about the error message at the end of the console output that mentions the view controller&#x2014;the view controller has been omitted from this bare-bones app. </p>

<p><img src="images/console-output.png" width="600px"/>
</p>
</li>
<p>Congratulations! You've just created your first Couchbase Lite app! </p>
</li></ol></p></li></li></ol></doc>
