<?xml version="1.0"?>
<doc>
<h2>Using Walrus</h2>

<p><a href="https://github.com/couchbaselabs/walrus">Walrus</a> is a simple, limited, in-memory database that you can use in place of Couchbase Server for unit testing during development.</p>

<p>Use the following command to start a Sync Gateway that connects to a single Walrus database called <code>sync_gateway</code> and listens on the default ports:</p>

<pre><code>$ sync_gateway -url walrus:
</code></pre>

<p>To use a different database name, use the <code>-bucket</code> option. For example:</p>

<pre><code>$ sync_gateway -url walrus: -bucket mydb
</code></pre>

<p>By default, Walrus does not persist data to disk. However, you can make your database persistent by specifying an existing directory to which Sync Gateway can periodically save its state. It saves the data to a file named <code>/&lt;directory&gt;/sync_gateway.walrus</code>. For example, the following command instructs Sync Gateway to save the data in a file named <code>/data/sync_gateway.walrus</code>:</p>

<pre><code>$ mkdir /data
$ sync_gateway -url walrus:/data
</code></pre>

<p>You can  use a relative path when specifying the directory for persistent data storage:</p>

<pre><code>$ mkdir data
$ sync_gateway -url walrus:data
</code></pre>

<p>You can also specify the directory for persistent data storage in a configuration file. The config.json file would look similar to the following JSON fragment:</p>

<pre><code class="json">{
   "databases":{
      "couchchat":{
         "server":"walrus:data"         
   ...
}
</code></pre>
</doc>
