<?xml version="1.0"?>
<doc>
<h1>Where To Go From Here</h1>

<h3>Learn about Couchbase Lite for iOS</h3>

<ul>
<li><a href="/couchbase-lite/cbl-ios">Read the Couchbase Lite iOS guide</a></li>
<li>Download the Couchbase Lite iOS SDK</li>
</ul>
<h3>Learn about Couchbase Lite for Android</h3>

<ul>
<li><a href="/couchbase-lite/cbl-android">Read the Couchbase Lite Android guide</a></li>
<li>Download Couchbase Lite Android SDK</li>
</ul>
<h3>Learn About Couchbase Lite Plug-in for PhoneGap</h3>

<ul>
<li>Read the Couchbase Lite Plug-in for PhoneGap guide</li>
<li>Download Couchbase Lite Plug-in for PhoneGap</li>
</ul>
<h3>Learn About Sync Gateway</h3>

<ul>
<li><a href="sync-gateway">Read the Sync Gateway guide</a></li>
<li>Download Sync Gateway </li>
</ul>
<h3>Join the Community</h3>

<p><a href="https://groups.google.com/forum/#!forum/mobile-couchbase">Couchbase Lite mailing list</a></p>

<h3>Develop your own app!</h3>
</doc>
