<?xml version="1.0"?>
<doc>
<h1>Server Resources</h1>

<p>Server resources enable you to interact with a server that hosts Couchbase Lite databases. </p>

<p>The following table lists the server resources:.</p>

<table>
<thead><tr>
<th>HTTP Method</th>
<th>URI pattern</th>
<th>Description</th>
</tr></thead>
<tbody>
<tr>
<td><code>GET</code></td>
<td><code>/</code></td>
<td>Retrieves meta-information about the server</td>
</tr>
<tr>
<td><code>GET</code></td>
<td><code>/_active_tasks</code></td>
<td>Retrieves a list of tasks running on the server</td>
</tr>
<tr>
<td><code>GET</code></td>
<td><code>/_all_dbs</code></td>
<td>Retrieves a list of all databases on the server</td>
</tr>
<tr>
<td><code>POST</code></td>
<td><code>_replicate</code></td>
<td>Starts or cancels a replication operation</td>
</tr>
<tr>
<td><code>GET</code></td>
<td><code>_session</code></td>
<td>Returns a generic response for compatibility purposes</td>
</tr>
<tr>
<td><code>GET</code></td>
<td><code>/_uuids</code></td>
<td>Retrieves a list of identifiers of the databases on the server</td>
</tr>
</tbody>
</table>
<h2>GET /</h2>

<p>This request returns meta-information about the server.</p>

<h3>Request</h3>

<p><strong>Request headers</strong></p>

<p>This request does not have any required headers.</p>

<p><strong>Query parameters</strong></p>

<p>This request does not use query parameters.</p>

<p><strong>Message body</strong></p>

<p>This request does not use a message body.</p>

<h3>Response</h3>

<p><strong>Status codes</strong></p>

<p><strong>Response headers</strong></p>

<p>This response uses only standard HTTP headers.</p>

<p><strong>Message body</strong></p>

<p>The response message body contains a JSON document with the following objects:</p>

<p>|Name | Type | Description|<br>
| ------    | ------    |<br>
| <code>CouchbaseLite</code> | String | Contains the string "Welcome"<br>
| <code>couchdb</code> | String | Contains the string "Welcome"<br>
| <code>version</code> | String | Couchbase Lite version number  </br>

<h3>Example</h3>

<p>The following example requests information about the server running at http://localhost:59840/.</p>

<p><strong>Request</strong></p>

<pre><code>GET / HTTP/1.1
Host: localhost:59840
</code></pre>

<p><strong>Response</strong></p>

<pre><code>HTTP/1.1 200 OK
Server: CouchbaseLite 1.485
Transfer-Encoding: chunked
Accept-Ranges: bytes
Content-Type: application/json
Cache-Control: must-revalidate
Date: Fri, 06 Dec 2013 19:21:48 GMT

{
  "couchdb" : "Welcome",
  "CouchbaseLite" : "Welcome",
  "version" : "1.485"
}
</code></pre>

<h2>GET /<em>active</em>tasks</h2>

<p>This request retrieves a list of all tasks running on the server. </p>

<h3>Request</h3>

<p><strong>Request headers</strong></p>

<p>This request does not have any required headers.</p>

<p><strong>Query parameters</strong></p>

<p>This request does not use query parameters.</p>

<p><strong>Message body</strong></p>

<p>This request does not use a message body.</p>

<h3>Response</h3>

<p><strong>Status codes</strong></p>

<p><strong>Response headers</strong></p>

<p>This response uses only standard HTTP headers.</p>

<p><strong>Message body</strong></p>

<p>The response message body contains a JSON document with an array of active tasks. If there are no active tasks, an empty array is returned in the response.</p>

<h3>Example</h3>

<p><strong>Request</strong></p>

<pre><code>GET /beer-db/_active_tasks HTTP/1.1
Host: localhost:59840
</code></pre>

<h2>GET <em>all</em>dbs</h2>

<p>This request retrieves a list of all databases on the server.</p>

<h3>Request</h3>

<p><strong>Request headers</strong></p>

<p>This request does not have any required headers.</p>

<p><strong>Query parameters</strong></p>

<p>This request does not use query parameters.</p>

<p><strong>Message body</strong></p>

<p>This request does not use a message body.</p>

<h3>Response</h3>

<p><strong>Status codes</strong></p>

<p><strong>Response headers</strong></p>

<p>This response uses only standard HTTP headers.</p>

<p><strong>Message body</strong></p>

<p>The response message contains the following object:</p>

<table>
<thead><tr>
<th>Name</th>
<th>Type</th>
<th>Description</th>
</tr></thead>
<tbody><tr>
<td>not applicable</td>
<td>array</td>
<td>List of the names of the databases on the server</td>
</tr></tbody>
</table>
<h3>Example</h3>

<p>The following example requests a list of databases on the server. The response lists the three databases on the server: <code>beer-db</code>, <code>cookbook</code>, and <code>genealogy</code>.</p>

<p><strong>Request</strong></p>

<pre><code>GET /_all_dbs HTTP/1.1
Host: localhost:59840
</code></pre>

<p><strong>Response</strong></p>

<pre><code>HTTP/1.1 200 OK
Server: CouchbaseLite 1.485
Transfer-Encoding: chunked
Accept-Ranges: bytes
Content-Type: application/json
Cache-Control: must-revalidate
Date: Mon, 09 Dec 2013 01:45:38 GMT

[
  "_replicator",
  "beer-db",
  "cookbook",
  "genealogy"
]
</code></pre>

<h2>POST _replicate</h2>

<p>This request starts or cancels a replication operation.</p>

<h3>Request</h3>

<p><strong>Request headers</strong></p>

<p>This request does not have any required headers.</p>

<p><strong>Query parameters</strong></p>

<p>This request does not use query parameters.</p>

<p><strong>Message body</strong></p>

<p>The request message body is a JSON document that contains the following objects:</p>

<table>
<thead><tr>
<th>Name</th>
<th>Type</th>
<th>Description</th>
<th>Required</th>
</tr></thead>
<tbody>
<tr>
<td><code>create_target</code></td>
<td>Boolean</td>
<td>Indicates whether to create the target database</td>
<td>No</td>
</tr>
<tr>
<td><code>source</code></td>
<td>string</td>
<td>URI of the source database</td>
<td>Yes</td>
</tr>
<tr>
<td><code>target</code></td>
<td>string</td>
<td>URI of the target database</td>
<td>Yes</td>
</tr>
</tbody>
</table>
<h3>Response</h3>

<p><strong>Status codes</strong></p>

<p><strong>Response headers</strong></p>

<p>This response uses only standard HTTP headers.</p>

<p><strong>Message body</strong></p>

<p>The response message body is a JSON document that contains the following objects.</p>

<table>
<thead><tr>
<th>Name</th>
<th>Type</th>
<th>Description</th>
</tr></thead>
<tbody>
<tr>
<td><code>ok</code></td>
<td>Boolean</td>
<td>Indicates whether the replication operation was successful</td>
</tr>
<tr>
<td><code>session_id</code></td>
<td>string</td>
<td>Session identifier</td>
</tr>
</tbody>
</table>
<h3>Example</h3>

<p>The following example replicates the database named <code>beer-db</code> located at <code>sync.couchbasecloud.com</code> to a database named <code>beer-db</code> on the local server.</p>

<p><strong>Request</strong></p>

<pre><code>POST /_replicate HTTP/1.1
Host: localhost:59840

{
   "create_target" : true,
   "source" : "http://sync.couchbasecloud.com/beer-db/",
   "target" : "beer-db",
}
</code></pre>

<p><strong>Response</strong></p>

<pre><code>Status Code: 200 OK
Accept-Ranges: bytes
Date: Fri, 06 Dec 2013 21:57:08 GMT
Server: CouchbaseLite 1.485
Transfer-Encoding: chunked

{
   "session_id":"repl001",
   "ok":true
}
</code></pre>

<h2>GET /_session</h2>

<p>This request retrieves session information. Even though Couchbase Lite doesn't support user logins, it implements a generic response to the _session API for compatibility with apps, such as <a href="http://docs.couchdb.org/en/latest/intro/futon.html">Futon</a>, that might call it.</p>

<h3>Request</h3>

<p><strong>Request headers</strong></p>

<p>This request does not have any required headers.</p>

<p><strong>Query parameters</strong></p>

<p>This request does not use query parameters.</p>

<p><strong>Message body</strong></p>

<p>This request does not use a message body.</p>

<h3>Response</h3>

<p><strong>Status codes</strong></p>

<p><strong>Response headers</strong></p>

<p>This response uses only standard HTTP headers.</p>

<p><strong>Message body</strong></p>

<h3>Example</h3>

<p>The following example shows request for session information.</p>

<p><strong>Request</strong></p>

<pre><code>GET /_session
Host: localhost:59840
</code></pre>

<p><strong>Response</strong></p>

<pre><code>HTTP/1.1 200 OK
Accept-Ranges: bytes
Cache-Control: must-revalidate
Content-Type: application/json
Date: Wed, 18 Dec 2013 21:34:56 GMT
Server: CouchbaseLite 1.486
Transfer-Encoding: chunked

{
  "userCtx" : {
    "name" : null,
    "roles" : [
      "_admin"
    ]
  },
  "ok" : true
}
</code></pre>

<h2>GET /_uuids</h2>

<p>This request retrieves a list of the database identifiers.</p>

<h3>Request</h3>

<p><strong>Request headers</strong></p>

<p>This request does not have any required headers.</p>

<p><strong>Query parameters</strong></p>

<p>This request does not use query parameters.</p>

<p><strong>Message body</strong></p>

<p>This request does not use a message body.</p>

<h3>Response</h3>

<p><strong>Status codes</strong></p>

<p><strong>Response headers</strong></p>

<p>This response uses only standard HTTP headers.</p>

<p><strong>Message body</strong></p>

<p>The response message body is a JSON document that contains the following objects.</p>

<table>
<thead><tr>
<th>Name</th>
<th>Type</th>
<th>Description</th>
</tr></thead>
<tbody><tr>
<td><code>uuids</code></td>
<td>array</td>
<td>List of database identifiers</td>
</tr></tbody>
</table>
<h3>Example</h3>

<p>The following example requests the UUIDs from the local server.</p>

<p><strong>Request</strong></p>

<pre><code>GET /_uuids HTTP/1.1
Host: localhost:59840
</code></pre>

<p><strong>Response</strong></p>

<pre><code>HTTP/1.1 200 OK
Server: CouchbaseLite 1.485
Content-Type: application/json
Accept-Ranges: bytes
Content-Length: 65
Cache-Control: must-revalidate
Date: Mon, 09 Dec 2013 03:20:40 GMT

{
  "uuids" : [
    "E29107F0-DF5F-4273-86C4-4FF2ED0229AD"
  ]
}
</code></pre>
</br></br></br></p></doc>
